{
  "_submission_hash": "1a7767e9e91d24a624ee67ebea1055d708caf58368b920f2ce5c1c6b812de4ca",
  "_results_hash": "54dac942c0453e223e9ddc790565e08763600cfd2580382186390521c178d873",
  "metadata": {
    "name": "HTKG-RAG(GPT-4o)",
    "authors": "Yiwei Jiang, Chao Zhang",
    "url": null,
    "citation": "e.g. `Jiang et al., 2024",
    "type": "OTHER",
    "context": 128000,
    "is_trained_for_function_calling": false,
    "details": "gpt-4o-2024-05-13"
  },
  "closedbook": null,
  "openbook": {
    "acc": {
      "loose": 0.5832500515979394,
      "strict": 0.1878453038674033
    },
    "rouge": {
      "rouge1": {
        "precision": 0.5991455027074478,
        "recall": 0.7032656494395325,
        "fscore": 0.6193676493443898
      },
      "rouge2": {
        "precision": 0.43205988772021103,
        "recall": 0.4851377874755673,
        "fscore": 0.44184433250005556
      },
      "rougeL": {
        "precision": 0.5506018450490454,
        "recall": 0.6469517262812596,
        "fscore": 0.569190203129343
      }
    },
    "bleurt": 0.5907336167929417,
    "gpt": 0.4116022099447514
  },
  "evidenceprovided": null
}